"URL","Puesto","Empresa","Lugar","Direccion","Distancia","Duracion","ZBE","Publicacion","Modalidad","Tipo","Solicitud","Experiencia","Resumen","Tipo_clasificacion","Clasificacion"
"https://www.linkedin.com/comm/jobs/view/4306939869/","Consultor/a Junior Data Analytics & IA","KPMG España","Madrid, Comunidad de Madrid, España","N/A","N/A","N/A","Desconocido","","Híbrido","Jornada completa","Solicitud enviada","1","Aquí tienes un resumen claro y conciso de la oferta: ### **Oferta: Perfil Junior Data Analytics & IA (KPMG - Lighthouse)** **Ubicación:** Madrid (28046). #### **Requisitos principales:** * **Formación:** Grado universitario en Telecomunicaciones, Informática o áreas relacionadas. Se valorará formación específica en IA/Data. * **Experiencia:** 1-2 años de experiencia profesional previa. * **Habilidades técnicas:** Dominio de **Python** y experiencia en el procesamiento y manejo de grandes conjuntos de datos para IA. * **Habilidades sociales:** Capacidad de trabajo colaborativo en equipos interdisciplinares. #### **Funciones:** * Participar en proyectos de análisis de datos e Inteligencia Artificial dentro de un equipo multidisciplinar y ágil. * Explorar y aplicar nuevas tecnologías y metodologías en el ámbito de la analítica avanzada. * Contribuir a la eficiencia y transformación digital de los clientes de la firma. #### **Beneficios destacados:** * **Conciliación y flexibilidad:** Teletrabajo, horario flexible y 31 días de vacaciones + tarde del cumpleaños libre. * **Desarrollo profesional:** Plan de carrera a medida, formación continua y acceso a red global de contactos/proyectos internacionales. * **Compensación:** Salario competitivo y plan de remuneración flexible. * **Bienestar:** Acceso a la plataforma *Kteam* (beneficios, servicios y bienestar). * **Cultura:** Entorno inclusivo, diverso y colaborativo.","Outsourcing (Consultora)","**Clasificación:** Outsourcing (Consultora) **Justificación:** La oferta menciona explícitamente que pertenecen a ""KPMG"" (una firma de servicios profesionales) y que su labor consiste en ""ayudar a nuestros clientes a encontrar la eficiencia"" en sus servicios TIC. El hecho de trabajar en un ""centro de excelencia"" (Lighthouse) para dar servicio a terceros proyectos de clientes externos confirma que se trata de una consultora de servicios profesionales."
"https://www.linkedin.com/comm/jobs/view/4416848745/","Beca Data Analytics","BNP Paribas Personal Finance","Madrid, Comunidad de Madrid, España","P.º de los Melancólicos, 14A, Arganzuela, 28005 Madrid, Spain","62.7","49.4","True","","Móstoles (Presencial)","Jornada completa","Se aceptan solicitudes","N/A","Aquí tienes un resumen claro y conciso de la oferta: ### **Resumen de la oferta: Analista de Datos (Prácticas)** **Empresa:** BNP Paribas Personal Finance (Cetelem). **Misión:** Apoyar en la toma de decisiones estratégicas mediante analítica avanzada, gestión de datos y creación de reporting para conectar las necesidades del negocio con soluciones tecnológicas. --- ### **Funciones principales** * **Reporting:** Diseño, construcción y mantenimiento de dashboards en **Tableau**. * **Gestión de Datos:** Estandarización de diccionarios de datos, KPIs, reglas de negocio y documentación técnica. * **Colaboración:** Actuar como puente entre negocio, equipos analíticos y hubs centrales para alinear estándares y objetivos. * **Portfolio:** Apoyo en la preparación y mantenimiento del portfolio de informes. ### **Requisitos** * **Formación:** Grado en ADE, Estadística, Empresariales, Matemáticas o áreas similares. * **Experiencia:** No se requiere experiencia previa. * **Conocimientos técnicos:** **SQL, Tableau y Excel** (se valorará Python). * **Competencias:** Proactividad, capacidad de análisis, atención al detalle y orientación a la resolución de problemas. ### **Beneficios** * **Modelo de trabajo:** Híbrido (teletrabajo). * **Vacaciones:** 1 día libre por cada mes trabajado. * **Entorno:** Empresa certificada como *HappyIndex Trainee* por su excelente acogida a becarios. * **Cultura:** Entorno inclusivo que apuesta por la igualdad de oportunidades y la diversidad como motores de eficiencia.","Empresa final","**Clasificación:** Empresa final **Justificación:** La oferta es publicada directamente por el Grupo BNP Paribas (a través de su división Personal Finance/Cetelem). El texto se refiere a la organización como ""nuestra compañía"" y hace referencia explícita a la incorporación a ""BNP Paribas PF España"", con beneficios internos como políticas de diversidad e inclusión propias de la entidad, lo que confirma que el candidato trabajará directamente para la estructura del banco y no para un tercero."
"https://www.linkedin.com/comm/jobs/view/4417217221/","BI Engineer","Excelia","España","N/A","N/A","N/A","N/A","","En remoto","Jornada completa","Se aceptan solicitudes","2","Aquí tienes un resumen claro y conciso de la oferta: ### **Puesto: Business Intelligence (BI) Engineer en Excelia** **Descripción del rol:** Excelia busca un profesional para diseñar, desarrollar y optimizar soluciones de BI y analítica avanzada, trabajando principalmente con arquitecturas de datos en la nube y visualización. **Funciones principales:** * Diseño y mantenimiento de soluciones de Business Intelligence y Analytics Engineering. * Modelado de datos y optimización de procesos ETL en **Snowflake**. * Creación de dashboards e informes avanzados en **Tableau**. * Gestión de infraestructura de datos en **AWS** (S3, Redshift, Lambda). * Trabajo colaborativo mediante Jira y GitHub. **Requisitos:** * **Experiencia:** 2 a 4 años en posiciones de BI, Analytics o Data Engineering. * **Técnicos:** Dominio avanzado de SQL, Snowflake, Tableau y procesos ETL/Data Warehousing. * **Cloud:** Experiencia práctica con servicios AWS. * **Valorables:** Manejo de Python, Power BI/Looker y certificaciones oficiales (Snowflake/AWS/Tableau). **Beneficios:** * Contrato indefinido (largo plazo). * Salario competitivo ajustado a la experiencia. * Retribución flexible. * Plan de carrera y formación continua.","Outsourcing","**Clasificación:** Outsourcing **Justificación:** La empresa se define explícitamente como una ""firma multinacional de Consultoría, Tecnología y Servicios profesionales"", lo cual es un indicador claro de que su modelo de negocio se basa en prestar servicios externos a otros clientes. Además, la oferta menciona que el candidato se incorporará a ""proyectos innovadores"" (sin especificar que sean productos propios de la empresa) y hace énfasis en la prestación de servicios en múltiples países, lo que confirma que el personal se asigna a los proyectos de sus clientes."
"https://www.linkedin.com/comm/jobs/view/4414163615/","Data Scientist / IA Engineer","Logicalis Spain","Madrid, Comunidad de Madrid, España","C. de la Ribera del Loira, 38, edificio 4, Barajas, 28042 Madrid, Spain","50.2","37.4","False","","En remoto","Jornada completa","Se aceptan solicitudes","N/A","Aquí tienes el resumen de la oferta para **Data Scientist / IA Engineer** en **Logicalis Spain**: ### **Resumen del puesto** Logicalis busca un especialista para desarrollar proyectos de IA y analítica avanzada, cubriendo todo el ciclo de vida del dato para clientes nacionales e internacionales. ### **Requisitos Técnicos** * **Lenguajes:** Dominio de Python e integración de APIs de IA. * **IA Generativa:** Conocimiento en arquitecturas de agentes, RAG y LLMs. * **Frameworks:** Experiencia con herramientas de orquestación (ej. LangChain). * **Cloud:** Manejo de plataformas Azure, AWS o GCP. * **Habilidades:** Capacidad de adaptación a entornos dinámicos y proyectos con incertidumbre. ### **Responsabilidades principales** * Diseñar y desarrollar soluciones de IA aplicadas a casos reales. * Implementar pipelines RAG, agentes y sistemas basados en LLMs. * Gestionar el ciclo completo: desde la preparación de datos hasta el despliegue e industrialización en producción. * Colaborar con equipos técnicos para la integración en infraestructuras cloud. ### **Beneficios** * **Flexibilidad:** Modalidad 100% remoto en toda España. * **Estabilidad:** Contrato indefinido en una empresa en plena expansión. * **Compensación:** Salario competitivo + planes de retribución flexible (transporte, restaurante, guardería). * **Bienestar:** Seguro médico y acceso a GYMPASS. * **Crecimiento:** Formación continua, certificaciones oficiales y clases de idiomas. * **Extra:** Portal de descuentos para empleados y ambiente colaborativo.","Outsourcing","**Clasificación:** Outsourcing **Justificación:** La empresa se define como una consultora IT que presta servicios a terceros (""trabaja con clientes nacionales e internacionales""). Aunque ofrecen contrato indefinido y beneficios en la propia compañía, el núcleo de su actividad es realizar proyectos de consultoría, ingeniería y arquitectura de datos para otros clientes, lo cual es el modelo de negocio típico de una consultora de outsourcing tecnológico."
"https://www.linkedin.com/comm/jobs/view/4410943515/","Data Analyst - Power BI - Data & AI Insights","ERNI","Madrid, Comunidad de Madrid, España","C. Acanto, 22, Arganzuela, 28045 Madrid, Spain","57.8","42.4","True","","Torrejón de Ardoz (Presencial)","Jornada completa","Se aceptan solicitudes","N/A","El texto que proporcionas es una **presentación corporativa** de ERNI, no una oferta de trabajo específica para un puesto concreto. Sin embargo, basándome en la descripción, aquí tienes un resumen de su propuesta de valor: ### **Resumen de la Empresa: ERNI** ERNI es una consultora suiza de ingeniería de software con más de 25 años de trayectoria, especializada en soluciones digitales complejas que conectan dispositivos físicos con entornos de software. --- ### **Puntos clave:** * **Enfoque técnico:** Priorizan el ciclo de vida del software, garantizando código limpio, seguro y de alta calidad técnica. * **Sectores principales:** * **Health-Tech:** Dispositivos médicos, farmacéuticas y atención sanitaria. * **Smart Devices:** Robótica, automoción, impresión 3D y maquinaria industrial. * **Otros:** Gaming, consumo masivo (FMCG) y validación/inspección. * **Cultura y beneficios:** * **Crecimiento profesional:** Entorno enfocado en el aprendizaje continuo y el desarrollo de talento (""ERNIans""). * **Entorno desafiante:** Proyectos de alta complejidad técnica que buscan tener un impacto positivo en la vida de las personas. --- **Nota:** Si tienes una descripción de un puesto específico (vacante) que quieras que analice, por favor compártela y podré extraer los requisitos, funciones y beneficios detallados para esa posición.","Outsourcing (Consultora tecnológica)","**Clasificación:** Outsourcing (Consultora tecnológica) **Justificación:** La empresa se define como una compañía de ""Software Engineering"" que construye ""soluciones personalizadas"" para clientes externos en diversos sectores (Gaming, FMCG, Health-Tech, automoción, etc.). El hecho de trabajar en proyectos de terceros para múltiples industrias, en lugar de desarrollar un producto propio único, es el modelo típico de una consultora tecnológica o empresa de outsourcing."
"https://www.linkedin.com/comm/jobs/view/4417890791/","Graduate data scientist","Bending Spoons","España","N/A","N/A","N/A","N/A","","En remoto","Jornada completa","Se aceptan solicitudes","N/A","Aquí tienes un resumen claro y conciso de la oferta de trabajo en **Bending Spoons**: ### **Sobre el puesto** Bending Spoons busca profesionales del área de datos (Data Engineer/Analyst) para integrar su equipo de alto rendimiento. Se enfocan en adquirir y escalar productos digitales, utilizando IA para maximizar la eficiencia en entornos de trabajo ágiles y con mínima jerarquía. ### **Funciones principales** * **Ingeniería de datos:** Diseñar, mejorar y escalar pipelines y sistemas de datos. * **Calidad y robustez:** Asegurar la precisión de los datos y la fiabilidad de las métricas. * **Desarrollo de herramientas:** Crear soluciones internas (motores de informes, herramientas de predicción) para los equipos de producto. * **Análisis estratégico:** Proveer la base analítica para la toma de decisiones y planificación de negocio. * **IA aplicada:** Utilizar inteligencia artificial para acelerar procesos y descubrir nuevas oportunidades. ### **Requisitos** * **Capacidad analítica:** Resolución de problemas complejos desde principios fundamentales y atención al detalle. * **Ambición y Drive:** Mentalidad proactiva, sentido de responsabilidad y alta autoexigencia. * **Espíritu de equipo:** Honestidad, transparencia y disposición para colaborar por encima del interés personal. * **Idiomas:** Dominio fluido del inglés (hablado y escrito). ### **Beneficios y compensación** * **Salario competitivo:** * Nivel inicial: €66,065 (fuera de Londres). * Nivel con experiencia: Entre €107,837 y €188,848 (fuera de Londres). * **Equity:** Acceso a acciones de la empresa con descuento. * **Ventajas fiscales:** Posibilidad de un 50% de reducción de impuestos si te trasladas a Italia. * **Flexibilidad:** Modalidad remota o presencial (Milán, Londres, Madrid, Varsovia), horarios flexibles y paquete de reubicación. * **Crecimiento:** Entorno de aprendizaje acelerado, acceso ilimitado a formación y seguro médico premium. ### **Proceso de selección** * **Riguroso:** El proceso incluye pruebas técnicas desafiantes que pueden tomar varias horas. * **Cultura:** Se recomienda pasar los primeros meses en la oficina de Milán (con gastos cubiertos) para absorber la cultura y estrechar lazos con el equipo. * **Acceso:** La aplicación debe realizarse exclusivamente a través de su página de empleo.","Empresa final","**Clasificación:** Empresa final **Justificación:** La empresa se describe a sí misma como una organización que adquiere, mejora y opera sus propios productos digitales a largo plazo (""we acquire and improve digital businesses, not to sell on, but to own and operate""). No trabajan para clientes externos, sino que desarrollan productos internos (""Develop internal data products and tooling"") y buscan empleados para formar parte de sus propios equipos (""work in small, result-oriented, autonomous teams""). Además, ofrecen compensación en forma de ""equity"" (acciones) de la propia compañía, lo cual es característico de una empresa final."
"https://www.linkedin.com/comm/jobs/view/4380333592/","Desarrollador Python - IA","Centro de Observación y Teledetección Espacial S.A.U. - COTESA","Madrid, Comunidad de Madrid, España","C. de la Antracita, 7, Módulo 17, Arganzuela, 28045 Madrid, Spain","60.1","45.5","True","","En remoto","Jornada completa","Se aceptan solicitudes","2","Aquí tienes un resumen claro y conciso de la oferta: ### **Resumen de la Oferta: Desarrollador Backend & AI** Se busca un profesional para integrar inteligencia artificial y modelos predictivos en soluciones empresariales reales, trabajando en todo el ciclo de vida del dato y el desarrollo de servicios backend. #### **Funciones principales** * **Data Science e IA:** Desarrollo de scripts en Python (Pandas, Scikit-Learn) para modelado de datos y entrenamiento de modelos con TensorFlow/Keras. * **IA Generativa:** Implementación de soluciones basadas en LLMs (OpenAI, agentes, prompting avanzado). * **Backend:** Desarrollo de APIs robustas mediante Flask (Python) y arquitectura robusta con Java/Spring Boot (JPA, Hibernate, JWT). * **Ciclo de vida:** Gestión completa desde la preparación del dato hasta la puesta en producción. #### **Requisitos** * **Formación:** Ingeniería Informática, estudios técnicos relacionados o, en su defecto, experiencia demostrable equivalente. * **Experiencia:** Mínimo 2 años en las funciones descritas. * **Tecnologías:** Dominio de Python, Java, Spring, y librerías de IA/ML. #### **Beneficios** * **Estabilidad:** Contrato indefinido. * **Flexibilidad:** Teletrabajo, flexibilidad horaria y jornada intensiva en verano. * **Desarrollo:** Acceso a plan de formación continua y trabajo en proyectos de alto impacto tecnológico. * **Cultura:** Entorno colaborativo, dinámico y enfocado en la innovación y la igualdad de oportunidades.","Empresa final","**Clasificación:** Empresa final **Justificación:** La oferta utiliza términos como ""nuestra estrategia de selección de talento"", ""contribuir al éxito de la empresa"" y ""formar parte de un equipo"", lo que indica que la contratación es directa para la propia compañía. Además, el enfoque en el desarrollo de ""soluciones empresariales reales"" y la pertenencia a una plantilla fija (con plan de formación y beneficios corporativos) sugiere que el trabajador formará parte del equipo interno que desarrolla y mantiene sus propios productos o servicios, y no de una consultora que desplaza empleados a clientes externos."
"https://www.linkedin.com/comm/jobs/view/4419528364/","Analista de Datos Junior (Python alto)","Cognodata","Madrid, Comunidad de Madrid, España","N/A","N/A","N/A","Desconocido","","Híbrido","Jornada completa","Ya no se aceptan solicitudes","2","Aquí tienes un resumen claro y conciso de la oferta de **Cognodata**: ### **Puesto: Analista de Datos Junior** Empresa líder en *Customer Science* y *Marketing Automation* busca un perfil técnico para unirse a su equipo de datos y participar en proyectos de analítica avanzada y transformación digital. #### **Requisitos principales** * **Formación:** Grado universitario técnico (Informática, Telecomunicaciones, Matemáticas, Estadística, etc.). * **Experiencia:** ~2 años en análisis de datos o entornos TIC. * **Conocimientos técnicos:** * **Imprescindibles:** Python (Pandas, Numpy), SQL/PostgreSQL, Notebooks (Jupyter, Synapse), APIs (REST) y Power BI/Power Platform. * **Valorables:** PySpark, entornos Big Data, Azure/Microsoft Fabric y Git. * **Soft Skills:** Capacidad analítica, storytelling con datos, proactividad y adaptación a entornos ágiles. #### **Funciones principales** * Analizar y procesar datos para generar insights de negocio. * Desarrollar soluciones de automatización en Python. * Construir pipelines de datos e integrar información desde diversas fuentes. * Trabajar en entornos Cloud y Big Data. * Visualizar resultados para apoyar la toma de decisiones. #### **Beneficios** * **Flexibilidad:** Teletrabajo híbrido (base en Madrid) y horario flexible. * **Conciliación:** Jornada intensiva todos los viernes, además de julio y agosto. * **Desarrollo:** Carrera profesional, formación continua y acceso a plataformas educativas. * **Entorno:** Proyectos innovadores en grandes sectores (Banca, Retail, Seguros) y ambiente de trabajo colaborativo. * **Compensación:** Retribución flexible.","Empresa final","**Clasificación:** Empresa final **Justificación:** La oferta corresponde a una empresa de consultoría especializada en *Customer Science* y *Marketing Automation* (Cognodata) que busca talento para integrarse en su propia estructura. El texto enfatiza ""únete a nuestro equipo"" y ""formarás parte de un equipo de datos"", refiriéndose a una plantilla propia que ejecuta proyectos para sus clientes. No se menciona la cesión de personal a terceros (típico de bodyshopping), sino que el empleado trabajará en proyectos (de consultoría) gestionados por la propia compañía."
"https://www.linkedin.com/comm/jobs/view/4419554549/","AI Graduate Program","Santander","Boadilla del Monte, Comunidad de Madrid, España","Boadilla del Monte, Madrid, Spain","83.5","59.4","False","","Madrid (Híbrido)","Jornada completa","Se aceptan solicitudes","N/A","Aquí tienes un resumen claro y conciso de la oferta: ### **Graduate Program en IA y Datos – Getnet (Grupo Santander)** Getnet busca jóvenes talentos para incorporarse a su programa de 12 meses (inicio septiembre 2026) en Madrid (Boadilla del Monte), con posibilidad de contrato indefinido tras el periodo formativo. --- ### **Funciones principales** * **Modelado de IA:** Diseñar y calibrar modelos de predicción y optimización (XGBoost, LightGBM) e iniciación en *Causal Inference*. * **Desarrollo LLM:** Crear entornos experimentales con agentes autónomos, RAG, embeddings y *LLM-as-judge*. * **Plataforma y MLOps:** Trabajar en el despliegue y gobierno de modelos (MLOps/LLMOps), cumplimiento de *AI Act* y análisis de ROI. * **Colaboración:** Trabajar en squads multidisciplinares (negocio, producto y tecnología) con mentoría directa de los líderes globales. ### **Requisitos** * **Formación:** Recién graduado o próximo a finalizar en Ingeniería, Ciencia de Datos, Matemáticas, Física, Estadística, Economía Matemática o similares (valorable Máster en IA/BI). * **Técnicos:** * Nivel operativo de **Python y SQL** (demostrable con proyectos, TFM o GitHub). * Base sólida en estadística y machine learning supervisado. * Conocimientos básicos (o interés) en: *Causal Inference*, LLMs/RAG, MLOps o Spark/Databricks. * Manejo de Git. * **Idiomas:** Nivel medio/alto de inglés. * **Soft Skills:** Curiosidad, autonomía, pensamiento crítico y ganas de aprender. ### **Beneficios** * **Entorno:** Mentalidad *startup* con el respaldo y estabilidad del Grupo Santander. * **Tecnología:** Acceso a stack puntero (Azure, Databricks, Python, LangGraph, LLMs). * **Desarrollo:** Mentoring personalizado, formación continua y trabajo con grandes volúmenes de datos reales en el sector fintech/pagos. * **Condiciones:** Modelo de trabajo híbrido con proyección de carrera internacional. --- **¿Interesado?** Puedes aplicar a través de su plataforma oficial: [Enlace a la oferta](https://job-boards.eu.greenhouse.io/getnet/jobs/4866142101)","Empresa final","**Clasificación:** Empresa final **Justificación:** La oferta especifica que el candidato se incorporará a ""Getnet (Grupo Santander)"". Se trata de un programa de desarrollo profesional (""Graduate Program"") directo para trabajar en sus propios productos, soluciones de pago y plataforma interna. El texto enfatiza que se trabaja en el ""stack productivo"" de la empresa y bajo el respaldo de su estructura corporativa, no siendo una consultora que presta servicios a clientes externos."
"https://www.linkedin.com/comm/jobs/view/4417205013/","GenAI Engineer","Minsait","Madrid, Comunidad de Madrid, España","Av. de Bruselas, 35, 28108 Alcobendas, Madrid, Spain","53.1","39.1","False","","En remoto","Jornada completa","Se aceptan solicitudes","2","Aquí tienes un resumen ejecutivo de la oferta de Indra Group: ### **Resumen de la posición: Especialista en IA y Datos** Indra busca profesionales apasionados por la Inteligencia Artificial y el Big Data para participar en el desarrollo de soluciones tecnológicas de alto impacto a nivel global. #### **Funciones principales** * **Diseño de soluciones:** Creación de proyectos de IA y GenAI de extremo a extremo. * **Desarrollo técnico:** Implementación de arquitecturas RAG, aplicaciones basadas en LLMs y desarrollo en Python. * **Integración:** Colaboración con equipos de datos, cloud y DevOps para el despliegue de componentes. * **Gobierno de IA:** Aplicación de buenas prácticas en el ciclo de vida, evaluación y control de modelos. #### **Requisitos** * **Experiencia:** Mínimo 2 años en IA, Machine Learning y NLP en entornos reales. * **Habilidades técnicas:** Dominio de Python y SQL. * **Conocimientos específicos:** Experiencia con LLMs y arquitecturas RAG. * **Herramientas:** Familiaridad con APIs REST, Cloud, Docker, Git y metodologías CI/CD. #### **Beneficios destacados** * **Estabilidad y carrera:** Proyectos a largo plazo, plan de carrera personalizado y formación continua (Open University/Udemy). * **Flexibilidad:** Autonomía en la organización del trabajo y conciliación real. * **Compensación:** Retribución competitiva, planes de compensación flexible y descuentos exclusivos para empleados. * **Entorno:** Cultura colaborativa, transparente y certificada como *Top Employer*. --- **Proceso de selección:** Consta de una revisión de perfil, contacto telefónico breve, entrevista con Talento, entrevista técnica (incluye pruebas de competencias e inglés) y oferta final.","Outsourcing","**Clasificación:** Outsourcing **Justificación:** Indra es una consultora tecnológica multinacional. Aunque la oferta menciona que el empleado se integra en su ""equipo"" y destaca su marca como *Top Employer*, el modelo de negocio de Indra se basa fundamentalmente en la consultoría y la prestación de servicios tecnológicos a terceros (clientes finales, administraciones públicas y grandes corporaciones). La oferta indica que el trabajador participará en el ""diseño de soluciones de IA y GenAI"" y ""proyectos a largo plazo"" que, por la naturaleza de la empresa, son soluciones desarrolladas para los clientes a los que Indra da servicio, actuando como proveedor de servicios externalizados de tecnología."
"https://www.linkedin.com/comm/jobs/view/4416842888/","Middle Data Engineer (Azure Databricks)","Miratech","Madrid, Comunidad de Madrid, España","Madrid, Spain","64.9","53.0","True","","En remoto","Jornada completa","Se aceptan solicitudes","3","Aquí tienes un resumen claro y conciso de la oferta de trabajo para **Middle Data Engineer** en **Miratech**: ### **Perfil del Puesto** Buscan un profesional enfocado en el diseño y desarrollo de arquitecturas *Lakehouse* y pipelines de datos modernos en el ecosistema Azure. ### **Funciones principales** * **Desarrollo:** Crear y optimizar pipelines de datos utilizando Azure Databricks, PySpark y SQL. * **Arquitectura:** Implementar arquitecturas *Lakehouse* (Delta Lake) y orquestar procesos mediante Azure Data Factory. * **Integración:** Conectar diversas fuentes de datos y mantener estructuras de *data warehousing*. * **Evolución:** Migrar y modernizar plataformas existentes (SQL Server/SSIS) hacia entornos en la nube y colaborar con equipos de BI (Power BI). * **Calidad:** Asegurar el rendimiento y escalabilidad en el procesamiento de grandes volúmenes de datos. ### **Requisitos** * **Experiencia:** Mínimo 3 años en Data Engineering o Data Warehousing. * **Tecnologías:** Azure Databricks, PySpark, Spark SQL, Azure Data Factory y SQL Server. * **Conceptos clave:** Arquitecturas *Lakehouse*, Delta Lake, procesamiento distribuido y optimización de datos. * **Habilidades blandas:** Capacidad analítica, proactividad, trabajo colaborativo y orientación al aprendizaje continuo. * *Deseable:* Conocimientos en CI/CD (Azure DevOps), Power BI y técnicas avanzadas de optimización Spark. ### **Beneficios** * **Flexibilidad:** Cultura de trabajo 100% remoto (*Work From Anywhere*). * **Desarrollo profesional:** Acceso a certificaciones, mentorías y programas de inversión en talento. * **Compensación:** Paquete competitivo, seguro médico y programa de reubicación. * **Entorno:** Cultura inclusiva, multicultural y orientada a resultados (""Relentless Performance""), con un alto índice de éxito en proyectos globales. * **Impacto:** Participación en proyectos de gran escala para clientes globales dentro de una empresa en crecimiento constante.","Outsourcing","**Clasificación:** Outsourcing **Justificación:** La empresa se define explícitamente como una ""global IT services and consulting company"" que brinda servicios de transformación digital para ""some of the world's largest enterprises"". El texto menciona que trabajan en ""engagements"" (compromisos/proyectos) para terceros y destacan que los empleados ""collaborate on impactful projects for top global clients"", lo que confirma que el personal es contratado por Miratech para prestar servicios en proyectos de sus clientes."
"https://www.linkedin.com/comm/jobs/view/4418163355/","Aceleración Inteligencia Artificial - AI Accelerator","Iberdrola","Madrid, Comunidad de Madrid, España","Calle de Juan Bravo, 13, Salamanca, 28006 Madrid, Spain","53.8","44.4","True","","Madrid (Híbrido)","Jornada completa","Se aceptan solicitudes","N/A","Aquí tienes el resumen de la oferta para el puesto de **AI Accelerator** en Iberdrola: ### **Descripción del puesto** Buscan un perfil técnico especializado en el diseño, desarrollo e implementación de soluciones de Inteligencia Artificial escalables, desde la gestión de datos hasta el despliegue y mantenimiento en producción. ### **Funciones principales** * **Arquitectura:** Diseñar sistemas de IA integrados, escalables y orientados a negocio. * **Ingeniería de datos:** Construir pipelines eficientes (batch/streaming) asegurando la calidad y trazabilidad del dato. * **Desarrollo IA:** Implementar soluciones de Machine Learning, IA Generativa y agentes. * **Ciclo de vida:** Gestionar todo el proceso de despliegue, automatización, monitorización y evolución de las soluciones (MLOps). * **Colaboración:** Trabajar con equipos de negocio y arquitectos para traducir necesidades en soluciones técnicas. ### **Requisitos** * **Formación:** Grado en Ingeniería (Industrial, Informática, Telecomunicaciones, etc.) y postgrado/máster en IA, Data o disciplinas afines. * **Experiencia técnica:** * Arquitectura Full Stack, APIs e integración de sistemas. * Ingeniería de datos (ingesta, transformación, calidad). * Desarrollo de modelos de IA/ML y su integración en aplicaciones. * Entornos Cloud (AWS y/o Azure). * Buenas prácticas de ingeniería (versionado, automatización). ### **Beneficios** * **Estabilidad:** Incorporación a una empresa líder del IBEX 35 con proyección internacional. * **Condiciones:** Salario competitivo, beneficios sociales y **jornada continuada durante todo el año**. * **Desarrollo:** Formación continua en el Campus de Iberdrola y programa de bienvenida. * **Cultura:** Entorno dinámico, internacional, inclusivo y con igualdad de oportunidades. *** * **Fecha límite de inscripción:** 07-06-2026.","Empresa final","**Clasificación:** Empresa final **Justificación:** La oferta especifica claramente que la incorporación es directamente en una ""empresa del IBEX 35"" y menciona explícitamente el nombre de la compañía (""Campus de Iberdrola"", ""En Iberdrola...""). El puesto es para trabajar en los proyectos y el ecosistema interno de la propia empresa, no para terceros, lo que se confirma al ofrecer formación en su propio campus y beneficios directos de la organización."
"https://www.linkedin.com/comm/jobs/view/4419156043/","Data Scientist - Las Rozas (Híbrido)","E-Frontiers","Madrid, Comunidad de Madrid, España","Ibercenter, Business Center, Gran Vía, 6, Centro, Centro, 28013 Madrid, Spain","56.9","47.3","True","","Híbrido","Jornada completa","Se aceptan solicitudes","1","Aquí tienes un resumen claro y conciso de la oferta: ### **Oferta: Data Scientist** **Empresa:** Consultora de datos y analítica (cliente de E-Frontiers). **Ubicación:** Las Rozas, Madrid (Modelo híbrido). --- ### **Funciones principales** * Analizar grandes volúmenes de datos para extraer información de valor. * Desarrollar y optimizar modelos predictivos y nuevas variables mediante Machine Learning. * Mejorar los flujos de trabajo de análisis de datos existentes. * Investigar e integrar nuevas fuentes de datos externas. * Colaborar con equipos técnicos y de negocio en proyectos innovadores. ### **Requisitos** * **Formación:** Grado en Matemáticas, Física o Estadística. * **Experiencia:** 1-2 años en proyectos analíticos. * **Conocimientos técnicos:** Programación en **Python**, modelización predictiva, algoritmos y metodología estadística (multivariante, redes, ML). * **Capacidad técnica:** Experiencia en tratamiento de grandes volúmenes de datos (*Big Data*). * *Valorables:* Máster en Ciencia del Dato, manejo de R o Spark y experiencia en entornos Cloud. ### **Beneficios** * **Contrato:** Indefinido. * **Salario:** 30.000€ - 35.000€ brutos anuales. * **Flexibilidad:** Horario intensivo los viernes (08:00 a 15:00) y jornada de lunes a jueves con entrada flexible. * **Desarrollo:** Oportunidad de crecimiento profesional en proyectos de sectores inmobiliario, marketing y finanzas. * **Acompañamiento:** Proceso gestionado por E-Frontiers con contratación directa por el cliente.","Headhunting","**Clasificación:** Headhunting **Justificación:** La oferta especifica explícitamente que E-Frontiers es una ""agencia de reclutamiento"" y aclara que ""la contratación será directamente con el cliente"". El rol de E-Frontiers se limita a realizar el proceso de selección y acompañamiento, actuando como intermediario para cubrir una vacante en una empresa tercera."
"https://www.linkedin.com/comm/jobs/view/4415295562/","Data Engineer (dbt)","SDG Group España","España","N/A","N/A","N/A","N/A","","En remoto","Jornada completa","Se aceptan solicitudes","3","Aquí tienes un resumen claro y conciso de la oferta de empleo para **SDG Group**: ### **Perfil del puesto** Consultora especializada en Data, Analytics e Inteligencia Artificial busca un profesional para desarrollar proyectos de datos de extremo a extremo, desde la toma de requisitos hasta el despliegue en producción. ### **Funciones principales** * **Gestión del ciclo de vida del dato:** Desarrollo de procesos ETL/ELT, ingesta, modelado y visualización de datos. * **Desarrollo técnico:** Creación de pipelines (Python), modelado complejo (dbt) y trabajo con SQL. * **Arquitectura:** Definición de arquitecturas Cloud (AWS, GCP o Azure) y automatización. * **Consultoría:** Reuniones con clientes para toma de requisitos y seguimiento de proyectos. * **Cultura:** Formación continua, mentoría interna y participación en dinámicas de equipo. ### **Requisitos** * **Formación:** Ingeniería (Informática, Telecomunicaciones, Datos, Industriales) o Ciclo Superior relacionado. * **Experiencia:** Mínimo 3 años en plataformas de datos cubriendo todas las fases de proyectos. * **Competencias técnicas:** * Nivel avanzado de **Python y SQL**. * Dominio sólido de **dbt** (modelado, macros, tests). * Experiencia en control de versiones (Git) y CI/CD. * Se valora experiencia en entornos Cloud y consultoría. * **Habilidades:** Capacidad analítica, orientación a negocio, proactividad y buen nivel de inglés. ### **Beneficios principales** * **Desarrollo:** Plan de carrera basado en meritocracia (técnico o liderazgo), revisiones salariales periódicas y formación continua certificada. * **Conciliación:** Modelo híbrido o 100% remoto, jornada intensiva los viernes y durante julio/agosto. * **Compensación:** Salario competitivo, retribución flexible (seguro médico, tickets restaurante/guardería/transporte) y ayuda económica para teletrabajo. * **Entorno:** Cultura colaborativa, diversidad, inclusión y proyectos de alto impacto tecnológico.","Outsourcing (Consultora)","**Clasificación:** Outsourcing (Consultora) **Justificación:** La empresa se define explícitamente como una ""consultora global"" que desarrolla más de 1.000 proyectos anualmente para terceros, específicamente para clientes del ""IBEX-35 y Fortune 500"". La oferta menciona que el candidato deberá ""asistir a reuniones con el cliente para la toma de requisitos"" y trabajar en proyectos de transformación de datos para los mismos, lo cual es el modelo típico de una consultora de servicios tecnológicos."
"https://www.linkedin.com/comm/jobs/view/4417229387/","Consultor Técnico Dynamics 365 CRM Sales |Teletrabajo","ALTEN","España","N/A","N/A","N/A","N/A","","En remoto","Jornada completa","Se aceptan solicitudes","3","Aquí tienes un resumen claro y conciso de la oferta: ### **Puesto: Consultor/a Microsoft Dynamics 365 Customer Service (Perfil Híbrido)** **Empresa:** ALTEN (Consultora tecnológica multinacional) #### **Requisitos principales:** * **Experiencia:** Mínimo 3 años en proyectos de implementación o mejora continua con MS Dynamics 365 Customer Service. * **Perfil:** Híbrido (técnico-funcional), capaz de realizar desde el análisis de procesos hasta configuraciones técnicas. * **Conocimientos clave:** * Gestión de casos, colas, SLA, Omnichannel, portales y encuestas. * Power Platform (Power Automate, Power Apps) e integraciones (APIs/conectores). * Valorable: Azure (Logic Apps, Functions) y metodologías ágiles (Scrum/DevOps). * **Habilidades:** Capacidad de documentación, formación a usuarios, resolución de problemas y comunicación efectiva. #### **Funciones principales:** * Análisis de requerimientos y diseño funcional. * Configuración, desarrollo de integraciones y realización de pruebas. * Gestión de la carga de datos y acompañamiento en el *go-live*. * Elaboración de materiales formativos y capacitación a usuarios clave. #### **Beneficios ofrecidos:** * **Desarrollo:** Formación especializada y plan de carrera en una multinacional líder. * **Entorno:** Equipo cualificado, dinámico y con buen clima laboral. * **Compensación:** Retribución competitiva, beneficios sociales y plan de compensación flexible. * **Cultura:** Entorno inclusivo que apuesta por la igualdad de oportunidades y el talento.","Outsourcing","**Clasificación:** Outsourcing **Justificación:** La empresa se define explícitamente como una ""multinacional europea especializada en proporcionar servicios de consultoría, tecnología de la información y servicios de ingeniería a las principales compañías del mercado español"". Esto indica que el empleado será contratado por ALTEN para trabajar en los proyectos y sistemas de sus clientes externos, en lugar de desarrollar productos propios para la propia empresa."
"https://www.linkedin.com/comm/jobs/view/4418551783/","Junior Risk Monitoring Analyst (100% Remote - CET Timezone)","Bitfinex","España","N/A","N/A","N/A","N/A","","En remoto","Jornada completa","Se aceptan solicitudes","N/A","Aquí tienes un resumen claro y conciso de la oferta de trabajo para **Junior Risk Monitoring Analyst** en Bitfinex: ### **Descripción del puesto** Bitfinex busca un analista de nivel inicial para unirse a su equipo de riesgos. El objetivo principal es la supervisión diaria de métricas, identificación de anomalías en el trading y gestión de riesgos operativos en una plataforma global de activos digitales. ### **Funciones principales** * **Monitoreo:** Supervisar métricas de riesgo (tiempo real e histórico) y paneles de control. * **Análisis:** Rastrear la actividad de trading para detectar comportamientos inusuales o incumplimientos de límites. * **Gestión de incidentes:** Investigar alertas, documentar eventos de riesgo y escalar problemas a los miembros senior del equipo. * **Reporte:** Elaborar informes básicos y colaborar en la mejora de las herramientas de monitoreo existentes. ### **Requisitos** * **Formación:** Grado en áreas cuantitativas, técnicas o financieras. * **Habilidades:** Gran atención al detalle, capacidad para seguir procesos definidos y buena comunicación escrita. * **Conocimientos:** Comprensión básica de mercados financieros, trading o gestión de riesgos. * **Valorable (Plus):** Conocimientos de SQL o Python y experiencia previa en prácticas o proyectos del sector. ### **Beneficios y condiciones** * **Modalidad:** 100% remoto (se requiere disponibilidad en horario comercial europeo). * **Cultura:** Entorno colaborativo, con enfoque en la autonomía y el aprendizaje continuo. * **Desarrollo:** Mentoria, oportunidades de crecimiento profesional y formación constante. * **Compensación:** Pago competitivo. * **Ambiente:** Equipo global e innovador con actividades de team building y enfoque en la libertad financiera. --- **Nota de seguridad:** Bitfinex recuerda que todo su proceso de selección se realiza a través de correos corporativos oficiales (`@bitfinex.com`). **Nunca solicitarán pagos ni datos bancarios** durante el proceso de contratación.","Empresa final","**Clasificación:** Empresa final **Justificación:** La oferta corresponde directamente a Bitfinex (la plataforma de intercambio de criptomonedas). El texto hace referencia constante a ""nuestra plataforma"", ""nuestros proyectos"" y a la marca Bitfinex, buscando talento para integrarse en su equipo interno de análisis de riesgos. Además, los procesos de selección y los canales de comunicación oficiales dependen exclusivamente de la empresa, confirmando que se trata de una contratación directa para trabajar en sus propios productos y servicios."
"https://www.linkedin.com/comm/jobs/view/4419442651/","Data Engineer Snowflake","hiberus","Madrid y alrededores","C. de Méndez Álvaro, 9, Arganzuela, 28045 Madrid, Spain","58.8","45.0","True","","Híbrido","Jornada completa","Se aceptan solicitudes","3","Aquí tienes el resumen de la oferta para la posición de **Data Engineer (Snowflake)** en **hiberus**: ### **Resumen del puesto** Hiberus busca un perfil con experiencia para integrarse en proyectos tecnológicos de alto nivel, enfocados en la ingeniería y visualización de datos dentro de un entorno de crecimiento global. ### **Requisitos** * **Experiencia:** Mínimo +3 años como Data Engineer. * **Competencias técnicas:** * Dominio avanzado de **Snowflake** (diseño, desarrollo y optimización de pipelines). * SQL avanzado y optimización de modelos. * Manejo de herramientas del ecosistema Snowflake: **Snowpark, Streamlit, Snowpipe**. * Experiencia en creación de dashboards e interfaces de datos (ej. Retool, Streamlit). ### **Funciones principales** * Diseñar y optimizar pipelines de datos (limpieza, transformación y modelado). * Desarrollar soluciones de transformación de datos mediante tecnologías Snowflake. * Construir herramientas de visualización y aplicaciones interactivas para facilitar la toma de decisiones. ### **Beneficios** * **Estabilidad:** Contrato indefinido en una empresa tecnológica en plena expansión. * **Remuneración:** Salario competitivo + bonificación + programa de retribución flexible (seguro médico, transporte, restaurante, etc.). * **Conciliación:** Horario flexible, jornada intensiva (viernes y verano) y política de desconexión digital. * **Desarrollo:** Formación continua a través de *Hiberus University* y acceso a certificaciones. * **Cultura:** Ambiente laboral colaborativo, cercano y con fuerte enfoque en innovación tecnológica.","Outsourcing","**Clasificación:** Outsourcing **Justificación:** Se clasifica como Outsourcing debido a que se definen como una consultora tecnológica (""empresa de tecnología"", ""36 hubs de desarrollo"") que busca profesionales para integrar en ""grandes proyectos retadores"". Aunque la contratación es directa con ellos (""Contrato indefinido en una compañía puramente tecnológica""), el modelo de negocio de Hiberus consiste en prestar servicios de desarrollo y consultoría para terceros, trabajando por proyectos en lugar de desarrollar un producto propio único."
"https://www.linkedin.com/comm/jobs/view/4406497545/","DATA SCIENTIST (IA GENERATIVA) 100% TELETRABAJO","Aubay Spain","Madrid, Comunidad de Madrid, España","C. del Dr. Zamenhof, 36, San Blas-Canillejas, 28027 Madrid, Spain","48.7","36.0","False","","Pozuelo de Alarcón (Híbrido)","Jornada completa","Se aceptan solicitudes","5","Aquí tienes un resumen claro y conciso de la oferta: ### **Oferta: Data Scientist (Aubay - Madrid)** **Perfil buscado:** Profesional con al menos 5 años de experiencia para integrarse en el equipo de Big Data y Analítica Avanzada. #### **Funciones principales:** * **Puente entre negocio y técnica:** Definir soluciones de IA, priorizar casos de uso y gestionar las expectativas de los usuarios de negocio. * **Desarrollo de modelos:** Diseñar y desplegar modelos de IA (generativa y tradicional), incluyendo optimización de *prompts*, técnicas RAG y configuración de LLMs. * **Colaboración técnica:** Trabajar con equipos de arquitectura, gobierno del dato e ingeniería para crear soluciones escalables, robustas y alineadas con la normativa corporativa. * **Monitorización:** Definir métricas de éxito, evaluar el impacto de las soluciones y asegurar el cumplimiento de las políticas de gestión del dato. #### **Requisitos:** * **Formación:** Grado en Ingeniería, Física, Matemáticas, Estadística o afines. * **Experiencia:** +5 años en desarrollo de soluciones de IA (generativa y tradicional). * **Técnicos (Imprescindibles):** Python, IA Generativa (LangGraph, LlamaIndex), manejo de datos estructurados/no estructurados (SQL, MongoDB) y Big Data (Spark/PySpark). * **Valorable:** Databricks, ecosistema Azure y Power BI. * **Soft Skills:** Pensamiento crítico, orientación a resultados y autonomía. #### **Beneficios:** * **Modalidad:** 100% teletrabajo. * **Contrato:** Indefinido. * **Compensación:** Salario a negociar y retribución flexible (seguro médico, ticket restaurante, cheque guardería). * **Desarrollo:** Formación a medida.","Outsourcing","**Clasificación:** Outsourcing **Justificación:** Aubay es una conocida consultora tecnológica que presta servicios de externalización de personal a otras empresas (clientes finales). La oferta menciona que el candidato se integrará en el equipo de ""la organización"" y colaborará con los ""equipos de gobierno del dato"" y ""arquitectura"" de la misma, lo que indica que el trabajador prestará sus servicios en los proyectos de un tercero, bajo la gestión técnica de Aubay, pero dentro de la estructura operativa de dicho cliente."
"https://www.linkedin.com/comm/jobs/view/4419832963/","Data Scientist - IA Generativa","Altia","Madrid, Comunidad de Madrid, España","Av. del Partenón, 16, 18, Barajas, 28042 Madrid, Spain","50.2","36.7","False","","Madrid (Híbrido)","Jornada completa","Se aceptan solicitudes","3","Aquí tienes un resumen claro y conciso de la oferta: ### **Resumen del Puesto: Data Scientist (IA Generativa)** La empresa busca un perfil técnico para diseñar, desarrollar y desplegar soluciones de IA generativa (LLMs, RAG) en entornos de producción, colaborando en proyectos de innovación con impacto real en negocio. --- ### **Funciones principales** * **Diseño e implementación:** Crear pipelines *end-to-end* para procesamiento de datos y modelos de IA. * **Desarrollo con LLMs:** Implementar soluciones basadas en modelos de lenguaje, *embeddings* y bases de datos vectoriales. * **Integración:** Conectar soluciones de IA mediante APIs REST y gestionar despliegues en entornos *cloud* y *containerizados*. * **Calidad y estrategia:** Aplicar buenas prácticas de ingeniería, documentar procesos y contribuir en la toma de decisiones de arquitectura. ### **Requisitos mínimos** * **Experiencia:** 3+ años en Data Science, Machine Learning o IA en producción. * **Lenguajes:** Dominio sólido de **Python**. * **IA Generativa:** Experiencia práctica con LLMs, *prompt engineering* y arquitectura RAG. * **Integración:** Experiencia en desarrollo e integración de APIs REST. * **Autonomía:** Capacidad para gestionar proyectos de principio a fin en equipos reducidos. ### **Competencias técnicas valoradas (Plus)** * **Frameworks:** LangChain, LlamaIndex o LangGraph. * **Bases de datos:** Conocimiento en bases de datos vectoriales (Qdrant, Pinecone, ChromaDB). * **Infraestructura:** Docker, Kubernetes y servicios *cloud* (Azure, AWS o GCP). * **Otros:** Conocimientos en MLOps, CI/CD y herramientas de *Agentic Engineering*. --- *Nota: La empresa destaca su compromiso con la igualdad de oportunidades y la no discriminación.*","Outsourcing","**Clasificación:** Outsourcing **Justificación:** La empresa se define como una consultora tecnológica con 4.000 profesionales que presta servicios a más de 1.000 organizaciones, lo cual es el modelo típico de una consultora. La oferta especifica que el profesional trabajará ""para clientes y producto propio"", confirmando que su modelo de negocio se basa en la prestación de servicios a terceros (proyectos externos) combinada con el desarrollo de activos propios."
"https://www.linkedin.com/comm/jobs/view/4412891450/","Científico/a de Datos / Machine Learning / Deep Learning","Indra Group","Madrid y alrededores","Madrid, Spain","64.9","53.0","True","","Híbrido","Jornada completa","Se aceptan solicitudes","3","Aquí tienes un resumen ejecutivo de la oferta para **Senior Data Scientist** en **Indra Group**: ### **Resumen del Puesto** Indra busca un perfil Senior para unirse a su área de Desarrollo Avanzado de IA en Madrid, trabajando en proyectos europeos estratégicos dentro de sectores críticos (Defensa, Espacio y Transporte). ### **Funciones principales** * **Desarrollo de Modelos:** Diseñar y optimizar modelos de Machine Learning y Deep Learning (RNN, LSTM, GRU, Transformers). * **IA Generativa:** Realizar *fine-tuning* de LLMs (GPT, BERT) mediante Hugging Face y spaCy. * **MLOps y Despliegue:** Integrar modelos en entornos MLOps (Kubeflow, BentoML) y gestionar su despliegue mediante Docker y Kubernetes. * **Investigación y Documentación:** Realizar investigación aplicada y redactar informes técnicos. ### **Requisitos imprescindibles** * **Formación:** Titulación superior en Ingeniería, Física, Matemáticas o afines. * **Experiencia:** Mínimo 3 años como Data Scientist en proyectos de ML/Deep Learning. * **Stack Técnico:** Dominio avanzado de **Python** (NumPy, pandas, scikit-learn) y frameworks de Deep Learning (**TensorFlow, PyTorch o Keras**). * **Idiomas:** Nivel alto de inglés. ### **Beneficios principales** * **Estabilidad y Desarrollo:** Proyectos a largo plazo, plan de carrera personalizado y acceso a formación continua (Udemy/Open University). * **Flexibilidad:** Modelo de trabajo híbrido con foco en la conciliación. * **Condiciones:** Retribución competitiva + plan de compensación flexible + descuentos en servicios. * **Entorno:** Empresa certificada como *Top Employer 2025*, con ambiente colaborativo y proyectos de alto impacto tecnológico. --- **Modalidad:** Híbrido | **Ubicación:** Madrid.","Empresa final","**Clasificación:** Empresa final **Justificación:** La oferta es publicada directamente por ""Indra Group"", una compañía tecnológica global que desarrolla sus propios productos, servicios y consultoría en sectores estratégicos como Defensa y Transporte. El texto enfatiza que te unirás a ""nuestro equipo"", trabajarás en ""proyectos europeos"" de la propia compañía y mencionan beneficios corporativos directos de Indra, como su plan de carrera, formación en ""Open University"" y su certificación como ""Top Employer 2025"". No se trata de un intermediario, sino de la empresa que ejecuta los proyectos."
"https://www.linkedin.com/comm/jobs/view/4374170854/","Experto en Agentes Conversacionales IA - Data & IA","Santander","Madrid, Comunidad de Madrid, España","Madrid, Spain","64.9","53.0","True","","Madrid y alrededores (Híbrido)","Jornada completa","Se aceptan solicitudes","2","Aquí tienes un resumen claro y conciso de la oferta: ### **Puesto: Experto de Agentes Conversacionales IA (Data & AI)** **Ubicación:** Madrid, España. **Empresa:** Banco Santander. --- ### **Funciones principales** * **Desarrollo y evolución:** Implementar y optimizar agentes conversacionales (chat/voz) en producción, gestionando flujos, contextos y transiciones a agentes humanos. * **IA y NLP:** Construir componentes basados en NLP y LLMs (RAG, prompt engineering, guardrails, clasificación de intents). * **Análisis y Calidad:** Ejecutar evaluaciones técnicas (precisión, latencia), analizar logs para detectar fallos y mantener datasets conversacionales. * **Integración y Seguridad:** Conectar agentes con sistemas internos (APIs, CRM) y asegurar el cumplimiento de normativas de seguridad (PII, GDPR). ### **Requisitos esenciales** * **Experiencia:** +2 años en IA aplicada, NLP o automatización con chatbots/voicebots en entornos productivos. * **Habilidades técnicas:** * Manejo de plataformas conversacionales (ej. Dialogflow, Azure, Lex, Watson, etc.). * Dominio de Python (o JavaScript), Git, SQL y APIs REST. * Conocimientos sólidos en LLMs (RAG, prompting, evaluación de calidad). * Prácticas de MLOps/LLMOps. * **Formación:** Grado en Ingeniería, Matemáticas, Física, Ciencia de Datos o similar. * **Idiomas:** Inglés nivel C1 (imprescindible). ### **Beneficios principales** * **Salario:** Paquete retributivo competitivo. * **Bienestar:** Acceso al programa global *BeHealthy* y apoyo a la conciliación familiar. * **Crecimiento:** Oportunidades de movilidad internacional, formación continua y planes de carrera. * **Impacto social:** Posibilidad de participar en programas de voluntariado corporativo dentro del horario laboral.","Empresa final","**Clasificación:** Empresa final **Justificación:** La oferta es publicada directamente por Banco Santander (mencionado explícitamente como el empleador y responsable de la marca). El candidato se incorporará a sus equipos internos para trabajar en el desarrollo de su propia plataforma de servicios financieros, utilizando tecnología propia y siguiendo sus políticas internas de cultura, bienestar y beneficios corporativos (""En Santander trabajamos para crear una plataforma líder"", ""En Santander puedes esperar un paquete retributivo"")."
"https://www.linkedin.com/comm/jobs/view/4410592042/","Beca Proeduca - Data Analytics","Qualentum","Pozuelo de Alarcón, Comunidad de Madrid, España","Municipality of Pozuelo de Alarcón, Madrid, Spain","73.7","51.6","False","","Híbrido","Jornada completa","Se aceptan solicitudes","N/A","Aquí tienes un resumen claro y conciso de la oferta de becas de **Proeduca**: ### **Programa de Becas en Data Analytics** Proeduca ofrece una oportunidad de formación práctica de alto nivel en su grupo educativo, orientada a jóvenes profesionales que buscan especializarse en el ámbito de los datos. #### **Requisitos** * **Formación:** Titulados o estudiantes finalizando carreras STEM (Ingeniería, Matemáticas, Estadística, Física). * **Perfil:** Analítico, con curiosidad técnica, capacidad de aprendizaje rápido, atención al detalle y orientación al trabajo en equipo. #### **Funciones principales** * Análisis de grandes volúmenes de datos y generación de *insights*. * Diseño y desarrollo de dashboards (Tableau, PowerBI). * Automatización de procesos y análisis avanzado (Python). * Extracción, limpieza y carga de datos (SQL/Python). * Colaboración interdepartamental para proponer soluciones basadas en datos. #### **Beneficios** * **Duración y horario:** 11 meses de prácticas con jornada de 30 horas semanales. * **Ayuda económica:** 600 € mensuales. * **Formación:** Título propio en Data Analytics por la UNIR. * **Desarrollo:** Mentorización por perfiles senior y trabajo en proyectos reales. * **Proyección:** Posibilidad de incorporación a la empresa tras finalizar la beca. * **Fecha de inicio:** 1 de septiembre.","Empresa final","**Clasificación:** Empresa final **Justificación:** La oferta corresponde a **Proeduca** (grupo educativo líder en educación online), quien busca incorporar becarios directamente en su propia estructura. Frases como ""incorporarte al grupo educativo"", ""integración en equipos de proyecto"" de la empresa y las ""posibilidades de incorporación en Proeduca tras la finalización"" confirman que se trata de una empresa final que gestiona su propio programa de talento para sus proyectos internos y no para terceros."
"https://www.linkedin.com/comm/jobs/view/4397932518/","Data Engineer (Google Cloud Platform)","SDG Group España","España","N/A","N/A","N/A","N/A","","En remoto","Jornada completa","Se aceptan solicitudes","3","Aquí tienes el resumen de la oferta para **Data Engineer** en **SDG Group**: ### **Resumen del puesto** SDG Group, consultora global especializada en Data, Analytics e IA, busca un profesional para diseñar y desarrollar arquitecturas de datos en la nube (GCP) para clientes de alto nivel (IBEX-35/Fortune 500). ### **Funciones principales** * **Desarrollo de pipelines:** Creación y optimización de flujos de datos (ingesta y transformación) mediante herramientas como GCP (Dataflow, BigQuery, Airflow). * **Modelado de datos:** Diseño y optimización de modelos en entornos Data Warehouse enfocados en el negocio. * **Arquitectura:** Colaboración en la definición de arquitecturas Cloud (Cloud Storage, Cloud Functions). * **Gestión de proyectos:** Toma de requisitos con clientes y participación activa en el ciclo de vida del dato. * **Formación continua:** Actualización constante en nuevas tecnologías y mentoría interna. ### **Requisitos clave** * **Formación:** Ingeniería (Informática, Telecomunicaciones, Data Science, etc.) o Ciclo Superior equivalente. * **Experiencia:** Mínimo 3 años en proyectos end-to-end de Data & Analytics. * **Habilidades técnicas:** Dominio de SQL, procesos ETL y modelado de datos en entornos Cloud, específicamente en **GCP**. * **Perfil:** Actitud proactiva, habilidades comunicativas orientadas a negocio y capacidad de trabajo en equipo. * **Idioma:** Nivel de inglés valorable (entorno global). ### **Beneficios principales** * **Crecimiento:** Plan de carrera basado en meritocracia con revisiones salariales periódicas y camino técnico o de gestión. * **Flexibilidad:** Modelo híbrido o 100% remoto, jornada intensiva los viernes y durante verano. * **Formación:** Plan de aprendizaje continuo (certificaciones, workshops y acceso a I+D). * **Compensación:** Salario competitivo, retribución flexible (seguro médico, ticket restaurante, etc.) y ayuda para teletrabajo. * **Cultura:** Entorno colaborativo, diverso, inclusivo y con proyectos de alto impacto tecnológico.","Outsourcing","**Clasificación:** Outsourcing **Justificación:** Se define explícitamente como una ""consultora global"" que desarrolla ""más de 1.000 proyectos desarrollados anualmente"" para terceros (clientes del ""IBEX-35 y Fortune 500""). La oferta menciona que el candidato deberá ""asistir a reuniones con el cliente para la toma de requisitos"" y ""ayudar a la toma de decisiones de nuestros clientes"", lo que confirma que el trabajo se realiza para proyectos de clientes externos y no para un producto propio de la empresa."
"https://www.linkedin.com/comm/jobs/view/4307215858/","Consultor/a Financial Analytics","KPMG España","Madrid, Comunidad de Madrid, España","P.º de la Castellana, 259C, Torre de cristal, Planta 48, Fuencarral-El Pardo, 28046 Madrid, Spain","56.6","40.6","True","","Híbrido","Jornada completa","Se aceptan solicitudes","N/A","Aquí tienes un resumen claro y conciso de la oferta de empleo para **Consultor/a de Financial Analytics en KPMG (Madrid)**: ### **Perfil del puesto** KPMG busca profesionales para su área de *Financial Services Consulting* que trabajen con clientes del sector financiero (banca y seguros) en proyectos de gestión de riesgos, regulación y analítica de datos. ### **Requisitos** * **Experiencia:** Mínimo 2 años en funciones similares. * **Formación:** Grado en carreras STEM (Informática, Matemáticas, Estadística, Física o Telecomunicaciones). Se valorará máster en *Data Science/Big Data*. * **Competencias técnicas:** Conocimientos avanzados de programación (SAS, SQL, VBA, R o Python). * **Idiomas:** Nivel avanzado de inglés. * **Soft skills:** Capacidad analítica, resolución de problemas, orientación a objetivos y habilidades comunicativas. ### **Funciones principales** * Elaboración de modelos de medición y calificación (cuantitativos/cualitativos). * Diseño de estrategias de transformación tecnológica (RPA, IA, NLP, etc.). * Desarrollo de modelos de gestión de riesgos, procesos y políticas financieras. * Implementación de entornos de analítica avanzada y cuadros de mando interactivos. ### **Beneficios** * **Conciliación y flexibilidad:** Posibilidad de teletrabajo, 31 días de vacaciones y tarde del cumpleaños libre. * **Desarrollo:** Plan de carrera personalizado, formación continua y oportunidades internacionales. * **Compensación:** Salario competitivo y plan de remuneración flexible. * **Bienestar:** Acceso a la plataforma *Kteam* (servicios, promociones y bienestar). * **Entorno:** Ambiente de trabajo dinámico, colaborativo y con enfoque en la diversidad e igualdad de oportunidades.","Outsourcing (Consultora)","**Clasificación:** Outsourcing (Consultora) **Justificación:** Se trata de una empresa de consultoría profesional (KPMG). La oferta especifica que el trabajo se realiza ""principalmente con empresas del sector financiero: bancos y aseguradoras"" y menciona explícitamente que los proyectos se ejecutan ""in situ, mano a mano con el cliente"". El modelo de negocio se basa en prestar servicios especializados a terceros mediante proyectos de duración determinada, lo cual es la definición clásica de una empresa de servicios de consultoría/outsourcing."
"https://www.linkedin.com/comm/jobs/view/4416801597/","Especialista en Power BI y Analítica de Datos (MS Fabric – Reporting & BI)","Indra Group","Torrejón de Ardoz, Comunidad de Madrid, España","Carr. de Loeches, 9, 28850 Torrejón de Ardoz, Madrid, Spain","39.4","32.0","False","","Híbrido","Jornada completa","Se aceptan solicitudes","3","Aquí tienes el resumen de la oferta para **Especialista en Power BI y Analítica de Datos** en **Indra Group**: ### **Perfil del puesto** * **Ubicación:** Torrejón de Ardoz (Madrid). * **Modalidad:** Híbrida (hasta 40% teletrabajo). * **Área:** Data & Analytics. ### **Funciones principales** * **Desarrollo BI:** Diseño y optimización de soluciones de Business Intelligence y cuadros de mando en **Power BI** (entorno MS Fabric). * **Gestión de Datos:** Modelado de datos, gestión de BBDD (SQL Server, PostgreSQL) y desarrollo de procesos **ETL**. * **Reporte Estratégico:** Elaboración de informes para dirección y traducción de necesidades de negocio en soluciones analíticas. * **Gestión:** Participación en la planificación, seguimiento de proyectos y gestión de *stakeholders*. ### **Requisitos** * **Formación:** Ingeniería (Informática, Telecomunicaciones, Industrial), Matemáticas, Estadística o equivalente. * **Experiencia:** Mínima de **3-4 años** en análisis de datos o desarrollo BI en entornos corporativos. * **Habilidades técnicas:** Dominio avanzado de Power BI, SQL, Excel y PowerPoint. (Valorables: MS Fabric, Python, MS Project). * **Idiomas:** Inglés nivel medio. * **Competencias:** Capacidad analítica, comunicación efectiva y orientación a resultados. ### **Beneficios** * **Estabilidad y carrera:** Proyectos estratégicos en empresa líder y plan de desarrollo profesional. * **Formación:** Acceso a Open University y Udemy for Business. * **Flexibilidad:** Modelo de trabajo híbrido. * **Compensación:** Beneficios exclusivos y retribución flexible. * **Entorno:** Empresa certificada como *Top Employer 2026*, con fuerte compromiso por la igualdad y diversidad.","Empresa final","**Clasificación:** Empresa final **Justificación:** La oferta es publicada directamente por ""Indra Group"", una consultora tecnológica de gran tamaño que desarrolla sus propios productos y proyectos estratégicos para sus clientes. El texto menciona explícitamente ""Únete a nuestro equipo"", ""nuestra gestión integral de RRHH"" y el compromiso con ""nuestra plantilla"", lo que confirma que la contratación es directa por parte de la empresa para trabajar en sus propios proyectos de innovación y transformación digital, y no para un servicio de intermediación de personal externo (bodyshopping)."
"https://www.linkedin.com/comm/jobs/view/4413041725/","Ingeniería de Agentes de IA en Python (She/He/They)","NTT DATA Europe & Latam","Madrid y alrededores","Madrid, Spain","64.9","53.0","True","","Híbrido","Jornada completa","Se aceptan solicitudes","6","Aquí tienes un resumen claro y conciso de la oferta: ### **Resumen de la posición: Senior Python Engineer (Agentes de IA)** NTT DATA busca un/a ingeniero/a de software senior especializado en el desarrollo y despliegue en producción de sistemas basados en IA. El enfoque no es la ingeniería de prompts, sino la construcción de **sistemas distribuidos, fiables y escalables** que integren agentes de IA en entornos corporativos. --- ### **Funciones principales** * **Diseño de arquitectura:** Crear sistemas de agentes (single y multi-agente) y flujos de ejecución. * **Desarrollo de IA:** Integrar LLMs mediante APIs, implementando *tool calling* y salidas estructuradas. * **Ingeniería de Producción:** Desarrollar sistemas robustos en Python (FastAPI, workers distribuidos) con métricas, trazabilidad (*AgentOps*) y control de fallos. * **Seguridad:** Implementar *guardrails*, validación y mecanismos de *human-in-the-loop*. ### **Requisitos imprescindibles** * **Experiencia:** +6 años en ingeniería de software con dominio de Python moderno (asincronía, tipado, testing). * **Experiencia en producción:** Trayectoria sólida en sistemas backend reales. * **Enfoque técnico:** Experiencia práctica en el desarrollo de agentes con gestión de estado y herramientas. * **Stack técnico:** Python 3.11+, FastAPI, Docker, Kubernetes, CI/CD, herramientas de observabilidad (Prometheus, Grafana, OpenTelemetry). * *Valorado:* Manejo de frameworks como LangGraph, CrewAI, LangChain o similares. ### **Beneficios principales** * **Estabilidad:** Contrato indefinido desde el primer día. * **Flexibilidad:** Modelo híbrido/teletrabajo con flexibilidad horaria y jornada intensiva los viernes y en verano. * **Desarrollo profesional:** Plan de carrera, formación continua (talleres, certificaciones) y mentoría. * **Compensación y bienestar:** Paquete de retribución flexible (ahorro fiscal), 25 días de vacaciones, ayuda para gastos de teletrabajo y acceso a eventos sociales, deportivos y de bienestar. * **Cultura:** Entorno inclusivo, diverso y enfocado en el bienestar del empleado.","Outsourcing","**Clasificación:** Outsourcing **Justificación:** La empresa se define a sí misma como una consultora tecnológica global que desarrolla su actividad en múltiples sectores (telecomunicaciones, banca, energía, administración pública, etc.) y ofrece soluciones que responden a las ""necesidades de cada cliente"". Al ser una consultora, el personal suele trabajar en proyectos para terceros bajo los estándares y necesidades de dichos clientes, que es el modelo de negocio principal de NTT DATA."
"https://www.linkedin.com/comm/jobs/view/4417887854/","Graduate data scientist","Bending Spoons","Madrid, Comunidad de Madrid, España","Madrid, Spain","64.9","53.0","True","","Híbrido","Jornada completa","Se aceptan solicitudes","N/A","Aquí tienes un resumen claro y conciso de la oferta de trabajo en **Bending Spoons**: ### **Resumen del Puesto** Bending Spoons busca profesionales para integrarse en sus equipos de ingeniería de datos. La empresa se enfoca en adquirir y optimizar productos digitales utilizando IA, operando bajo una cultura de alta exigencia, autonomía y crecimiento rápido. ### **Funciones Principales** * **Gestión de datos:** Diseñar, mejorar y asegurar la escalabilidad de pipelines y sistemas de datos. * **Desarrollo de producto:** Crear herramientas internas (motores de reporting, forecasting) para los equipos de producto. * **Análisis estratégico:** Colaborar en la toma de decisiones basada en datos y modelos analíticos. * **Integración de IA:** Utilizar inteligencia artificial para acelerar procesos y descubrir nuevas oportunidades de negocio. ### **Requisitos** * **Capacidad analítica:** Resolución de problemas complejos desde principios fundamentales y atención al detalle. * **Ambición y compromiso:** Alta iniciativa, tenacidad y responsabilidad sobre el trabajo realizado. * **Espíritu de equipo:** Disposición para colaborar, transparencia y priorización de las mejores ideas sobre las personales. * **Idiomas:** Dominio fluido del inglés (hablado y escrito). ### **Beneficios** * **Compensación competitiva:** Salarios altos según experiencia y ubicación (ej. desde 66k€ hasta +188k€ en Europa, excluyendo Londres). * **Equity:** Acceso a acciones de la empresa con descuento. * **Crecimiento:** Entorno de aprendizaje rápido y acelerado; equipos pequeños y talentosos. * **Flexibilidad y bienestar:** Horario flexible, modalidad remota (tras una estancia inicial recomendada en Milán), seguro médico premium, apoyo a la paternidad y presupuesto para formación continua. * **Beneficios extra:** Paquete de reubicación, incentivos fiscales (si aplica en Italia) y retiros anuales. ### **Proceso de Selección** * **Evaluación:** Basada en pruebas de capacidad (pueden ser desafiantes y llevar tiempo) y resultados, independientemente de la antigüedad. * **Ubicación:** Milán, Londres, Madrid, Varsovia o remoto en países seleccionados. Se recomienda pasar los primeros meses en la oficina de Milán para absorber la cultura. * **Aplicación:** Solo a través de su página de empleo oficial.","Empresa final","**Clasificación:** Empresa final **Justificación:** La empresa se describe a sí misma como una organización que ""adquiere y mejora negocios digitales, no para venderlos, sino para poseerlos y operarlos a largo plazo"". El contrato es directamente con ellos (ofrecen ""equity en la compañía""), el trabajo consiste en desarrollar productos propios (""desarrollar productos de datos internos"", ""operar productos establecidos"") y los equipos trabajan en sus propias soluciones tecnológicas. No hay mención a clientes externos ni a la prestación de servicios para terceros."
"https://www.linkedin.com/comm/jobs/view/4412645909/","Data Engineer - Pyspark","Indra Group","España","N/A","N/A","N/A","N/A","","En remoto","Jornada completa","Se aceptan solicitudes","2","Aquí tienes un resumen claro y conciso de la oferta: ### **Oferta: Desarrollador/a de Datos e IA en Indra Group** Indra busca profesionales para su equipo de Datos, Inteligencia Artificial y Robots, enfocado en proyectos tecnológicos de alto impacto y transformación digital. #### **Funciones principales:** * Desarrollo de software en **Python** siguiendo buenas prácticas y POO. * Diseño y desarrollo de procesos de tratamiento de datos con **PySpark**. * Optimización y mejora del rendimiento de procesos de datos. * Integración en entornos **CI/CD** y gestión de versiones mediante **Git**. #### **Requisitos:** * **Experiencia mínima de 2 años** trabajando con **PySpark**. * Experiencia en entornos **Cloud (AWS)**. * *Valorado:* Experiencia previa en el sector banca. #### **Beneficios destacados:** * **Estabilidad y carrera:** Proyectos a largo plazo, plan de carrera personalizado y formación continua (Open University, Udemy). * **Flexibilidad:** Autonomía en la organización del trabajo y conciliación real. * **Compensación:** Retribución competitiva, planes de compensación flexible y descuentos exclusivos para empleados. * **Entorno:** Empresa ""Top Employer 2026"" con un ambiente colaborativo, transparente y dinámico. --- **Proceso de selección:** Revisión de perfil, contacto inicial telefónico, entrevista con Talento, entrevista técnica (incluye pruebas de competencias e inglés) y oferta final.","Outsourcing","**Clasificación:** Outsourcing **Justificación:** Indra es una consultora tecnológica que presta servicios de transformación digital a terceros (como se infiere al mencionar que es ""muy valorable experiencia en sector banca"", lo que indica que el trabajador será asignado a proyectos para clientes externos). Además, la oferta menciona explícitamente trabajar en ""proyectos a largo plazo"" bajo el modelo de gran consultora con más de 50.000 profesionales, lo cual es la operativa habitual de empresas de servicios o consultoría que tercerizan talento."
"https://www.linkedin.com/comm/jobs/view/4419104381/","Junior Machine Learning Engineer","Avature","España","N/A","N/A","N/A","N/A","","En remoto","Jornada completa","Se aceptan solicitudes","N/A","Aquí tienes un resumen ejecutivo de la oferta de **Junior Machine Learning Engineer** en **Avature**: ### **Resumen del puesto** Avature, empresa líder en software SaaS para gestión de talento, busca un ingeniero junior para desarrollar e integrar modelos de Machine Learning (búsqueda semántica, matching, parsing, etc.) que impacten a millones de usuarios en un entorno colaborativo. ### **Requisitos principales** * **Formación:** Grado o Máster en Ingeniería Informática, ML o áreas afines. * **Técnicos:** Dominio de **Python** y experiencia con frameworks de ML (PyTorch o TensorFlow). Sólidos fundamentos en algoritmos, estructuras de datos y experimentación con modelos. * **Deseables:** Conocimientos en NLP, despliegue de modelos en producción y desarrollo de agentes/flujos de IA Generativa. * **Idiomas:** Nivel fluido de inglés (hablado y escrito). * **Habilidades:** Capacidad analítica, resolución de problemas y actitud colaborativa. ### **Funciones principales** * Diseñar, desarrollar y mantener módulos de software basados en ML. * Experimentar y optimizar modelos de IA bajo supervisión. * Colaborar en el ciclo de vida completo de las herramientas: desde el análisis de requerimientos y preprocesamiento de datos hasta la revisión de código y evaluación de resultados. ### **Beneficios** * **Flexibilidad:** Trabajo remoto (o híbrido) con sedes disponibles en **Madrid, Barcelona y Málaga**. Horario flexible. * **Crecimiento:** Programa de desarrollo profesional, mentoría y 4 días al año para formación/eventos. * **Compensación:** Salario competitivo con revisiones anuales, plan de retribución flexible y pago de gastos de internet. * **Bienestar:** Seguro de salud (Sanitas) y 23 días de vacaciones. * **Cultura:** Entorno dinámico, inclusivo y orientado a la innovación dentro de una compañía tecnológica global.","Empresa final","**Clasificación:** Empresa final **Justificación:** La oferta especifica claramente que Avature es un ""enterprise SaaS Solution provider"" que desarrolla su propio producto. Frases como ""We design, build, implement, and support our product ourselves"" y ""Our private cloud platform has become the product choice"" confirman que la contratación es para trabajar directamente en la plataforma propia de la empresa, no para clientes externos ni bajo una modalidad de consultoría."
"https://www.linkedin.com/comm/jobs/view/4416881936/","AI Engineer (Software Engineer)","Product Hackers","España","N/A","N/A","N/A","N/A","","En remoto","Jornada completa","Se aceptan solicitudes","2","Aquí tienes un resumen claro y conciso de la oferta: ### **Puesto: Software Engineer (IA / Backend)** **Empresa:** Product Hackers (Full Business Growth). **Perfil buscado:** Un ""builder"" pragmático. No buscan investigadores teóricos, sino ingenieros con capacidad de implementar soluciones de IA reales, escalables y orientadas a negocio. --- ### **Requisitos principales** * **Experiencia Técnica:** +4 años en desarrollo Backend (Python y/o TypeScript/Node.js). * **Experiencia en IA:** Mínimo 2-3 años desplegando sistemas de IA en producción (orquestación de agentes con LangGraph/CrewAI, RAG, y modelos Open Source). * **Stack:** Conocimientos de Cloud (AWS/GCP/Azure), MLOps, y protocolos de integración (MCP). * **Workflow:** Dominio avanzado de herramientas de asistencia por IA (Cursor, Claude Code, Copilot). * **Soft Skills:** Mentalidad de producto/growth, alta velocidad de iteración, autonomía en entornos remotos y capacidad de comunicación técnica. ### **Funciones principales** * Diseñar y desarrollar arquitecturas backend para soluciones de IA. * Construir, orquestar y optimizar flujos de agentes complejos. * Integrar LLMs con bases de datos y APIs externas. * Evaluar y seleccionar modelos (comerciales vs. open source) según coste, latencia y privacidad. * Implementar IA en el flujo de trabajo diario para acelerar el desarrollo. ### **Beneficios destacados** * **Modalidad:** Full remoto con flexibilidad horaria. * **Remuneración:** Salario de 35.000€ - 45.000€ brutos/año + retribución flexible. * **Conciliación:** 25 días de descanso, jornada reducida en verano y festivos locales. * **Formación:** Acceso a PH School (valorado en +3.000€/año) y clases de inglés. * **Equipamiento:** Macbook Pro + 500€ para adecuar tu oficina en casa. * **Incentivos:** Bonus por captación de clientes y referidos de personal. --- **Proceso de selección:** 1. Entrevista de cultura/background. 2. Prueba y entrevista técnica. 3. Evaluación de inglés y referencias. 4. Oferta.","Outsourcing","**Clasificación:** Outsourcing **Justificación:** La empresa se define como una consultora de ""Full Business Growth"" que presta servicios a terceros (""ayudamos a empresas a medir y predecir"", ""impulsado el crecimiento de más de 60 grandes marcas""). Aunque desarrollan soluciones propias, el núcleo de su negocio es el trabajo por proyectos para clientes externos, lo cual se confirma en la oferta al mencionar que la flexibilidad horaria tiene como limitación ""los horarios de los clientes"" y al ofrecer un bono por traer clientes nuevos a la empresa."
"https://www.linkedin.com/comm/jobs/view/4418513680/","Analista de datos Python - Sector Banca","Accenture España","Madrid, Comunidad de Madrid, España","Castellana, P.º de la Castellana, 85, Tetuán, 28046 Madrid, Spain","55.5","48.0","True","","Híbrido","Jornada completa","Se aceptan solicitudes","2","Aquí tienes un resumen claro y conciso de la oferta de trabajo en **Accenture**: ### **Perfil: Analista de Datos (Reporting) - Sector Bancario** **Funciones principales:** * Creación, mantenimiento, desarrollo y mejora de procesos de datos. * Elaboración de cuadros de mando (dashboards). **Requisitos:** * **Experiencia:** 2 a 5 años en posiciones similares. * **Técnicos obligatorios:** Dominio sólido de **Python** y **SQL**. * **Técnicos deseables:** Experiencia en AWS (S3, EMR), Spark, GIT, Engine y herramientas de visualización como **QuickSight** o **MicroStrategy**. * **Sector:** Se valorará positivamente experiencia previa en banca. **Beneficios y condiciones:** * **Modelo de trabajo:** Híbrido. * **Salud y bienestar:** Seguro médico, de vida y accidentes; programas de bienestar. * **Flexibilidad:** Programa de flexibilidad horaria, días libres y vacaciones. * **Compensación:** Retribución flexible, plan de compra de acciones y condiciones especiales en banca. * **Desarrollo:** Formación individualizada, cultura de diversidad e inclusión, y programas de voluntariado (Fundación Accenture).","Outsourcing","**Clasificación:** Outsourcing **Justificación:** La empresa (Accenture) se define explícitamente como una consultora que ""transforma las operaciones de sus clientes"", lo cual es el modelo de negocio típico de una consultora/outsourcing. La oferta menciona que el puesto es para un ""proyecto del sector bancario"" y se hace referencia directa a ""trabajar con nuestros equipos y clientes"", confirmando que el empleado será contratado por Accenture para prestar servicios en las instalaciones o sistemas de un cliente externo (en este caso, un banco)."
